epoch,loss,iou
0,0.0141,0.0
1,0.00030,0.12
2,0.00037,0.25
3,0.00028,0.35
4,0.00036,0.48
5,0.00035,0.55
6,0.00032,0.61
7,0.00030,0.68
8,0.00028,0.72
9,0.00025,0.75
